{
    "type": "origins:target_action_on_hit",
    "name": "Zombified Bite",
    "description": "When attacking you inflict poison to your target!",
    "cooldown": 200,
    "entity_action": {
        "type": "origins:apply_effect",
        "effect": {
            "duration": 40,
            "is_ambient": false,
            "show_particles": true,
            "show_icon": true,
            "effect": "minecraft:poison",
            "amplifier": 2
        }
    },
    "damage_condition": {
        "type": "origins:attacker",
        "inverted": false,
        "entity_condition": {
            "type": "origins:using_item",
            "inverted": true
        }
    },
    "hud_render": {
        "should_render": true,
        "sprite_location": "origins:textures/gui/community/spiderkolo/resource_bar_01.png",
        "bar_index": 5
    }
}