{
    "type": "origins:stacking_status_effect",
    "name": "Night Strength",
    "description": "You are more powerful in the night sky.",
    "min_stacks": 0,
    "max_stacks": 1,
    "duration_per_stack": 20,
    "effect": {
        "duration": 1000000,
        "is_ambient": true,
        "show_particles": false,
        "show_icon": false,
        "effect": "minecraft:strength",
        "amplifier": 1
    },
    "condition": {
        "type": "origins:daytime",
        "inverted": true
    }
}